{
  "Name": "Count \u2265 500",
  "TP": 26845,
  "FP": 19269,
  "TN": 611200,
  "FN": 17110,
  "Total": 674424,
  "TP_P": 0.039804336737719895,
  "FP_P": 0.028571047293690616,
  "TN_P": 0.9062548189269658,
  "FN_P": 0.025369797041623666,
  "Accuracy": 0.9460591556646857,
  "Precision": 0.5821442512035391,
  "Recall": 0.610738255033557,
  "F1": 0.5960985466697754,
  "Specificity": 0.9694370381414471
}