{
  "Name": "Top 20",
  "TP": 25387,
  "FP": 17975,
  "TN": 408186,
  "FN": 13572,
  "Total": 465120,
  "TP_P": 0.05458161334709322,
  "FP_P": 0.03864594083247334,
  "TN_P": 0.8775928792569659,
  "FN_P": 0.029179566563467492,
  "Accuracy": 0.9321744926040592,
  "Precision": 0.585466537521332,
  "Recall": 0.6516337688339023,
  "F1": 0.6167806513526318,
  "Specificity": 0.9578211051691732
}