{
  "Name": "Count \u2265 250",
  "TP": 29981,
  "FP": 22508,
  "TN": 1295132,
  "FN": 24483,
  "Total": 1372104,
  "TP_P": 0.021850384518957745,
  "FP_P": 0.01640400436118545,
  "TN_P": 0.9439022114941724,
  "FN_P": 0.01784339962568435,
  "Accuracy": 0.9657525960131302,
  "Precision": 0.5711863438053687,
  "Recall": 0.5504737074030552,
  "F1": 0.5606387852608155,
  "Specificity": 0.9829179442032725
}