{
  "Name": "All",
  "TP": 32665,
  "FP": 27827,
  "TN": 9901057,
  "FN": 38531,
  "Total": 10000080,
  "TP_P": 0.0032664738682090543,
  "FP_P": 0.0027826777385780914,
  "TN_P": 0.9900977792177662,
  "FN_P": 0.0038530691754465963,
  "Accuracy": 0.9933642530859753,
  "Precision": 0.5399887588441447,
  "Recall": 0.45880386538569584,
  "F1": 0.49609683494319906,
  "Specificity": 0.9971973688080151
}