{
  "Name": "Count \u2265 250",
  "TP": 29982,
  "FP": 20040,
  "TN": 1227031,
  "FN": 24487,
  "Total": 1301540,
  "TP_P": 0.023035788373772608,
  "FP_P": 0.015397144920632481,
  "TN_P": 0.942753200055319,
  "FN_P": 0.018813866650275828,
  "Accuracy": 0.9657889884290917,
  "Precision": 0.5993762744392467,
  "Recall": 0.5504415355523326,
  "F1": 0.5738676058225111,
  "Specificity": 0.9839303455857766
}