{
  "Name": "Top 20",
  "TP": 25387,
  "FP": 15925,
  "TN": 386316,
  "FN": 13572,
  "Total": 441200,
  "TP_P": 0.057540797824116044,
  "FP_P": 0.036094741613780595,
  "TN_P": 0.8756029011786038,
  "FN_P": 0.030761559383499545,
  "Accuracy": 0.9331436990027199,
  "Precision": 0.6145187838884586,
  "Recall": 0.6516337688339023,
  "F1": 0.6325322968444395,
  "Specificity": 0.9604093068583263
}