{
  "Name": "All",
  "TP": 32692,
  "FP": 24920,
  "TN": 9367627,
  "FN": 38501,
  "Total": 9463740,
  "TP_P": 0.0034544482413929375,
  "FP_P": 0.002633208435565643,
  "TN_P": 0.9898440785566806,
  "FN_P": 0.004068264766360868,
  "Accuracy": 0.9932985267980735,
  "Precision": 0.5674512254391446,
  "Recall": 0.4592024496790415,
  "F1": 0.5076200458056752,
  "Specificity": 0.9973468325471249
}