{
  "Name": "Count \u2265 500",
  "TP": 26845,
  "FP": 17073,
  "TN": 578712,
  "FN": 17110,
  "Total": 639740,
  "TP_P": 0.04196235970863163,
  "FP_P": 0.026687404257979806,
  "TN_P": 0.9046049957795355,
  "FN_P": 0.02674524025385313,
  "Accuracy": 0.9465673554881671,
  "Precision": 0.6112527892891297,
  "Recall": 0.610738255033557,
  "F1": 0.6109954138358767,
  "Specificity": 0.9713436894181626
}